member_casual,mean,median,max,min
casual,29.82526292,12.45,98489.06667,1
member,12.94575369,8.816666667,1559.666667,1
